Year,Model,Projected
2030,Simple,55.997755100072936
2030,Ridge,55.482821342005764
2030,LASSO,55.24350365495309
2030,ElasticNet 0.25,55.49203079765766
2030,ElasticNet 0.5,55.49203079765766
2030,ElasticNet 0.75,55.49203079765766
